{
    "ETH": {
        "prof": 9.782781944212005e-05,
        "perc": 0.009782781944212005
    }
}